1,Books[283155]|Subjects[1000]|Religion & Spirituality[22]|Christianity[12290]|Clergy[12360]|Preaching[12368]
1,Books[283155]|Subjects[1000]|Religion & Spirituality[22]|Christianity[12290]|Clergy[12360]|Sermons[12370]
2,Books[283155]|Subjects[1000]|Religion & Spirituality[22]|Earth-Based Religions[12472]|Wicca[12484]
2,Books[283155]|Subjects[1000]|Religion & Spirituality[22]|Earth-Based Religions[12472]|Witchcraft[12486]
3,Books[283155]|Subjects[1000]|Home & Garden[48]|Crafts & Hobbies[5126]|General[5144]
4,Books[283155]|Subjects[1000]|Religion & Spirituality[22]|Christianity[12290]|Reference[172810]|Commentaries[12155]|New Testament[12159]
4,Books[283155]|Subjects[1000]|Religion & Spirituality[22]|Christianity[12290]|Christian Living[12333]|Discipleship[12335]
4,Books[283155]|Subjects[1000]|Religion & Spirituality[22]|Christianity[12290]|Bibles[12059]|Translations[764432]|Life Application[572080]
4,Books[283155]|Subjects[1000]|Religion & Spirituality[22]|Bible & Other Sacred Texts[12056]|Bible[764430]|New Testament[572082]
4,Books[283155]|Subjects[1000]|Religion & Spirituality[22]|Christianity[12290]|Bibles[12059]|Study Guides, History & Reference[764438]|General[572094]
5,Books[283155]|Subjects[1000]|Religion & Spirituality[22]|Christianity[12290]|Worship & Devotion[12465]|Prayerbooks[12470]
5,Books[283155]|Subjects[1000]|Religion & Spirituality[22]|Christianity[12290]|Christian Living[12333]|Business[297488]
6,Books[283155]|Subjects[1000]|Arts & Photography[1]|Photography[2020]|Photo Essays[2082]
6,Books[283155]|Subjects[1000]|History[9]|Americas[4808]|United States[4853]|General[4870]
6,Books[283155]|Subjects[1000]|History[9]|Jewish[4992]|General[4993]
6,Books[283155]|Subjects[1000]|Nonfiction[53]|Social Sciences[11232]|Sociology[11288]|Urban[11296]
6,[172282]|Categories[493964]|Camera & Photo[502394]|Photography Books[733540]|Photo Essays[733676]
7,Music[5174]|Styles[301668]|Jazz[34]|General[63926]
7,Music[5174]|Styles[301668]|Jazz[34]|Modern Postbebop[63929]
7,Music[5174]|Specialty Stores[468040]|Imports[701208]|Jazz[916554]
8,Books[283155]|Subjects[1000]|Gay & Lesbian[301889]|Nonfiction[10703]|General[10716]
8,Books[283155]|Subjects[1000]|Nonfiction[53]|Crime & Criminals[11003]|Criminology[11005]
8,Books[283155]|Subjects[1000]|Nonfiction[53]|Politics[11079]|General[11083]
8,Books[283155]|Subjects[1000]|Nonfiction[53]|Politics[11079]|U.S.[11117]
9,Books[283155]|Subjects[1000]|Cooking, Food & Wine[6]|Baking[4196]|Bread[4197]
